# MHR v1.0.1, Apache-2.0; generated by tools/research/extract_mhr_joint_templates.py
# kind angle axial rest_low rest_high posed_low_axial posed_low_normal posed_high_axial posed_high_normal
knee	0	-3.000000	-1.457941	1.362572	-3.000000	-1.457941	-3.000000	1.362572
knee	0	-2.750000	-1.387110	1.345455	-2.750000	-1.387110	-2.750000	1.345455
knee	0	-2.500000	-1.311389	1.328562	-2.500000	-1.311389	-2.500000	1.328562
knee	0	-2.250000	-1.236817	1.310900	-2.250000	-1.236817	-2.250000	1.310900
knee	0	-2.000000	-1.167688	1.301514	-2.000000	-1.167688	-2.000000	1.301514
knee	0	-1.750000	-1.095628	1.298475	-1.750000	-1.095628	-1.750000	1.298475
knee	0	-1.500000	-1.034681	1.301343	-1.500000	-1.034681	-1.500000	1.301343
knee	0	-1.250000	-0.987901	1.312613	-1.250000	-0.987901	-1.250000	1.312613
knee	0	-1.000000	-0.927908	1.325591	-1.000000	-0.927908	-1.000000	1.325591
knee	0	-0.750000	-0.861895	1.342059	-0.750000	-0.861895	-0.750000	1.342059
knee	0	-0.500000	-0.776614	1.368680	-0.500000	-0.776614	-0.500000	1.368680
knee	0	-0.250000	-0.687961	1.396432	-0.250000	-0.687961	-0.250000	1.396432
knee	0	0.000000	-0.584869	1.415131	0.000000	-0.584869	0.000000	1.415131
knee	0	0.250000	-0.474141	1.458067	0.250000	-0.474141	0.250000	1.458067
knee	0	0.500000	-0.376546	1.502866	0.500000	-0.376546	0.500000	1.502866
knee	0	0.750000	-0.331149	1.543386	0.750000	-0.331149	0.750000	1.543386
knee	0	1.000000	-0.317073	1.577676	1.000000	-0.317073	1.000000	1.577676
knee	0	1.250000	-0.315242	1.600015	1.250000	-0.315242	1.250000	1.600015
knee	0	1.500000	-0.310057	1.617034	1.500000	-0.310057	1.500000	1.617034
knee	0	1.750000	-0.312844	1.626286	1.750000	-0.312844	1.750000	1.626286
knee	0	2.000000	-0.314782	1.624291	2.000000	-0.314782	2.000000	1.624291
knee	0	2.250000	-0.313631	1.612150	2.250000	-0.313631	2.250000	1.612150
knee	0	2.500000	-0.314379	1.590854	2.500000	-0.314379	2.500000	1.590854
knee	0	2.750000	-0.315801	1.549600	2.750000	-0.315801	2.750000	1.549600
knee	0	3.000000	-0.315895	1.498190	3.000000	-0.315895	3.000000	1.498190
knee	15	-3.000000	-1.457941	1.362572	-2.994780	-1.506832	-3.011631	1.359682
knee	15	-2.750000	-1.387110	1.345455	-2.743028	-1.439956	-2.764633	1.334167
knee	15	-2.500000	-1.311389	1.328562	-2.491685	-1.367182	-2.519469	1.310284
knee	15	-2.250000	-1.236817	1.310900	-2.241161	-1.293951	-2.276421	1.285917
knee	15	-2.000000	-1.167688	1.301514	-1.991111	-1.225489	-2.035391	1.269016
knee	15	-1.750000	-1.095628	1.298475	-1.741369	-1.154117	-1.796350	1.259445
knee	15	-1.500000	-1.034681	1.301343	-1.489281	-1.092470	-1.560135	1.256072
knee	15	-1.250000	-0.987901	1.312613	-1.234286	-1.042871	-1.328916	1.262002
knee	15	-1.000000	-0.927908	1.325591	-0.980004	-0.977165	-1.102817	1.271834
knee	15	-0.750000	-0.861895	1.342059	-0.722751	-0.906135	-0.881605	1.288537
knee	15	-0.500000	-0.776614	1.368680	-0.462400	-0.811371	-0.666666	1.321319
knee	15	-0.250000	-0.687961	1.396432	-0.199395	-0.701533	-0.454674	1.364612
knee	15	0.000000	-0.584869	1.415131	0.054607	-0.564992	-0.241344	1.411218
knee	15	0.250000	-0.474141	1.458067	0.302052	-0.410840	-0.022781	1.494905
knee	15	0.500000	-0.376546	1.502866	0.546428	-0.262416	0.198339	1.588712
knee	15	0.750000	-0.331149	1.543386	0.795864	-0.160534	0.421319	1.681932
knee	15	1.000000	-0.317073	1.577676	1.045528	-0.084868	0.646457	1.771014
knee	15	1.250000	-0.315242	1.600015	1.291968	-0.017364	0.873227	1.851970
knee	15	1.500000	-0.310057	1.617034	1.534336	0.053660	1.100894	1.929257
knee	15	1.750000	-0.312844	1.626286	1.778307	0.117769	1.330650	2.001530
knee	15	2.000000	-0.314782	1.624291	2.021084	0.183252	1.565733	2.063908
knee	15	2.250000	-0.313631	1.612150	2.262324	0.251821	1.804721	2.117276
knee	15	2.500000	-0.314379	1.590854	2.504200	0.319287	2.047453	2.162838
knee	15	2.750000	-0.315801	1.549600	2.746923	0.386093	2.295964	2.191412
knee	15	3.000000	-0.315895	1.498190	2.989285	0.453467	2.547875	2.209487
knee	30	-3.000000	-1.457941	1.362572	-2.986070	-1.559094	-3.025122	1.354525
knee	30	-2.750000	-1.387110	1.345455	-2.732128	-1.495403	-2.779039	1.320704
knee	30	-2.500000	-1.311389	1.328562	-2.478967	-1.425142	-2.536954	1.290406
knee	30	-2.250000	-1.236817	1.310900	-2.227344	-1.353790	-2.299260	1.259920
knee	30	-2.000000	-1.167688	1.301514	-1.976631	-1.287031	-2.064813	1.236811
knee	30	-1.750000	-1.095628	1.298475	-1.726715	-1.217328	-1.834020	1.222052
knee	30	-1.500000	-1.034681	1.301343	-1.470575	-1.156837	-1.607276	1.213117
knee	30	-1.250000	-0.987901	1.312613	-1.208108	-1.106118	-1.388972	1.212690
knee	30	-1.000000	-0.927908	1.325591	-0.948101	-1.036567	-1.182356	1.217817
knee	30	-0.750000	-0.861895	1.342059	-0.681502	-0.961818	-0.987885	1.232603
knee	30	-0.500000	-0.776614	1.368680	-0.408108	-0.856175	-0.810279	1.266441
knee	30	-0.250000	-0.687961	1.396432	-0.132121	-0.719377	-0.643042	1.314969
knee	30	0.000000	-0.584869	1.415131	0.118665	-0.542776	-0.471728	1.375843
knee	30	0.250000	-0.474141	1.458067	0.350870	-0.340643	-0.295505	1.486485
knee	30	0.500000	-0.376546	1.502866	0.573905	-0.139839	-0.116019	1.617233
knee	30	0.750000	-0.331149	1.543386	0.804541	0.018003	0.067086	1.752279
knee	30	1.000000	-0.317073	1.577676	1.036380	0.154220	0.255303	1.887684
knee	30	1.250000	-0.315242	1.600015	1.262248	0.285195	0.447018	2.018654
knee	30	1.500000	-0.310057	1.617034	1.479705	0.417496	0.640600	2.147841
knee	30	1.750000	-0.312844	1.626286	1.700498	0.544479	0.837384	2.274802
knee	30	2.000000	-0.314782	1.624291	1.918576	0.672956	1.042595	2.393704
knee	30	2.250000	-0.313631	1.612150	2.133494	0.804036	1.254423	2.505470
knee	30	2.500000	-0.314379	1.590854	2.349830	0.934677	1.471774	2.611556
knee	30	2.750000	-0.315801	1.549600	2.567653	1.064909	1.698659	2.704719
knee	30	3.000000	-0.315895	1.498190	2.784731	1.195381	1.932672	2.788531
knee	45	-3.000000	-1.457941	1.362572	-2.962390	-1.607976	-3.029470	1.345956
knee	45	-2.750000	-1.387110	1.345455	-2.703099	-1.548533	-2.784163	1.304246
knee	45	-2.500000	-1.311389	1.328562	-2.444971	-1.481826	-2.544306	1.267504
knee	45	-2.250000	-1.236817	1.310900	-2.189573	-1.412422	-2.309508	1.232543
knee	45	-2.000000	-1.167688	1.301514	-1.935753	-1.346813	-2.079085	1.205598
knee	45	-1.750000	-1.095628	1.298475	-1.683176	-1.278287	-1.853633	1.187730
knee	45	-1.500000	-1.034681	1.301343	-1.421252	-1.218283	-1.633555	1.174668
knee	45	-1.250000	-0.987901	1.312613	-1.151193	-1.166222	-1.425325	1.167926
knee	45	-1.000000	-0.927908	1.325591	-0.885082	-1.092587	-1.237518	1.166623
knee	45	-0.750000	-0.861895	1.342059	-0.609474	-1.011360	-1.072025	1.175697
knee	45	-0.500000	-0.776614	1.368680	-0.325810	-0.890633	-0.938010	1.202746
knee	45	-0.250000	-0.687961	1.396432	-0.046266	-0.722667	-0.826231	1.245537
knee	45	0.000000	-0.584869	1.415131	0.191784	-0.507800	-0.704123	1.310881
knee	45	0.250000	-0.474141	1.458067	0.397825	-0.263522	-0.577781	1.435898
knee	45	0.500000	-0.376546	1.502866	0.583773	-0.017348	-0.448084	1.589094
knee	45	0.750000	-0.331149	1.543386	0.773809	0.189684	-0.314111	1.751856
knee	45	1.000000	-0.317073	1.577676	0.966294	0.381703	-0.173959	1.921290
knee	45	1.250000	-0.315242	1.600015	1.153270	0.569432	-0.028657	2.091169
knee	45	1.500000	-0.310057	1.617034	1.330330	0.755082	0.119868	2.261617
knee	45	1.750000	-0.312844	1.626286	1.511828	0.937505	0.272635	2.432281
knee	45	2.000000	-0.314782	1.624291	1.689896	1.120763	0.436744	2.596617
knee	45	2.250000	-0.313631	1.612150	1.863788	1.305532	0.609351	2.755882
knee	45	2.500000	-0.314379	1.590854	2.039302	1.490432	0.788111	2.911845
knee	45	2.750000	-0.315801	1.549600	2.216257	1.675323	0.979484	3.059087
knee	45	3.000000	-0.315895	1.498190	2.392172	1.860075	1.180344	3.199543
knee	60	-3.000000	-1.457941	1.362572	-2.933909	-1.657275	-3.027788	1.328878
knee	60	-2.750000	-1.387110	1.345455	-2.667265	-1.602092	-2.781265	1.280824
knee	60	-2.500000	-1.311389	1.328562	-2.402090	-1.538878	-2.541130	1.238617
knee	60	-2.250000	-1.236817	1.310900	-2.141169	-1.471115	-2.305651	1.199801
knee	60	-2.000000	-1.167688	1.301514	-1.882738	-1.406267	-2.075038	1.168777
knee	60	-1.750000	-1.095628	1.298475	-1.625904	-1.338557	-1.850520	1.146128
knee	60	-1.500000	-1.034681	1.301343	-1.357737	-1.278196	-1.633148	1.126856
knee	60	-1.250000	-0.987901	1.312613	-1.080725	-1.223757	-1.431820	1.110561
knee	60	-1.000000	-0.927908	1.325591	-0.808581	-1.144436	-1.260708	1.096449
knee	60	-0.750000	-0.861895	1.342059	-0.524428	-1.054001	-1.122105	1.092477
knee	60	-0.500000	-0.776614	1.368680	-0.232916	-0.915262	-1.032636	1.104948
knee	60	-0.250000	-0.687961	1.396432	0.043631	-0.715053	-0.984490	1.131387
knee	60	0.000000	-0.584869	1.415131	0.263478	-0.462438	-0.922159	1.190519
knee	60	0.250000	-0.474141	1.458067	0.436541	-0.180115	-0.852654	1.321043
knee	60	0.500000	-0.376546	1.502866	0.574718	0.101882	-0.778511	1.484784
knee	60	0.750000	-0.331149	1.543386	0.709037	0.347648	-0.699989	1.662062
knee	60	1.000000	-0.317073	1.577676	0.846480	0.585562	-0.615165	1.850519
knee	60	1.250000	-0.315242	1.600015	0.980498	0.818891	-0.524677	2.045653
knee	60	1.500000	-0.310057	1.617034	1.104218	1.046353	-0.429837	2.244844
knee	60	1.750000	-0.312844	1.626286	1.232217	1.272744	-0.329744	2.446971
knee	60	2.000000	-0.314782	1.624291	1.356723	1.498715	-0.215314	2.644920
knee	60	2.250000	-0.313631	1.612150	1.476610	1.724738	-0.091240	2.839800
knee	60	2.500000	-0.314379	1.590854	1.598029	1.951128	0.038616	3.033552
knee	60	2.750000	-0.315801	1.549600	1.721042	2.177496	0.183286	3.222336
knee	60	3.000000	-0.315895	1.498190	1.842760	2.403595	0.338242	3.407606
knee	75	-3.000000	-1.457941	1.362572	-2.913505	-1.702604	-3.021599	1.298323
knee	75	-2.750000	-1.387110	1.345455	-2.640485	-1.650001	-2.772237	1.245876
knee	75	-2.500000	-1.311389	1.328562	-2.369192	-1.588784	-2.529630	1.200150
knee	75	-2.250000	-1.236817	1.310900	-2.103595	-1.521813	-2.290892	1.159184
knee	75	-2.000000	-1.167688	1.301514	-1.841339	-1.457263	-2.055912	1.125521
knee	75	-1.750000	-1.095628	1.298475	-1.580732	-1.389946	-1.827221	1.097814
knee	75	-1.500000	-1.034681	1.301343	-1.307733	-1.328678	-1.606829	1.070701
knee	75	-1.250000	-0.987901	1.312613	-1.025080	-1.271784	-1.406685	1.040374
knee	75	-1.000000	-0.927908	1.325591	-0.746919	-1.187366	-1.245536	1.004084
knee	75	-0.750000	-0.861895	1.342059	-0.454616	-1.088041	-1.127324	0.973777
knee	75	-0.500000	-0.776614	1.368680	-0.156366	-0.931120	-1.078029	0.953697
knee	75	-0.250000	-0.687961	1.396432	0.117793	-0.700711	-1.095585	0.944919
knee	75	0.000000	-0.584869	1.415131	0.319314	-0.414210	-1.099540	0.981654
knee	75	0.250000	-0.474141	1.458067	0.456496	-0.099882	-1.093816	1.106813
knee	75	0.500000	-0.376546	1.502866	0.540483	0.208520	-1.081529	1.272272
knee	75	0.750000	-0.331149	1.543386	0.610235	0.482715	-1.064074	1.455776
knee	75	1.000000	-0.317073	1.577676	0.682322	0.754429	-1.039688	1.654805
knee	75	1.250000	-0.315242	1.600015	0.753378	1.020085	-1.008816	1.864175
knee	75	1.500000	-0.310057	1.617034	0.814335	1.275340	-0.973082	2.080112
knee	75	1.750000	-0.312844	1.626286	0.878390	1.530776	-0.931196	2.301749
knee	75	2.000000	-0.314782	1.624291	0.939342	1.784110	-0.872015	2.521241
knee	75	2.250000	-0.313631	1.612150	0.996074	2.035805	-0.802338	2.739400
knee	75	2.500000	-0.314379	1.590854	1.054240	2.287703	-0.727155	2.957303
knee	75	2.750000	-0.315801	1.549600	1.113942	2.539202	-0.637174	3.174706
knee	75	3.000000	-0.315895	1.498190	1.171829	2.790390	-0.537135	3.391550
knee	90	-3.000000	-1.457941	1.362572	-2.898797	-1.736693	-3.015323	1.262785
knee	90	-2.750000	-1.387110	1.345455	-2.620768	-1.686050	-2.761608	1.207841
knee	90	-2.500000	-1.311389	1.328562	-2.344769	-1.626616	-2.514678	1.160573
knee	90	-2.250000	-1.236817	1.310900	-2.075970	-1.561291	-2.269846	1.119746
knee	90	-2.000000	-1.167688	1.301514	-1.811445	-1.498330	-2.026008	1.085567
knee	90	-1.750000	-1.095628	1.298475	-1.548643	-1.432574	-1.786469	1.053610
knee	90	-1.500000	-1.034681	1.301343	-1.271646	-1.372401	-1.553593	1.016760
knee	90	-1.250000	-0.987901	1.312613	-0.983215	-1.315660	-1.341397	0.964990
knee	90	-1.000000	-0.927908	1.325591	-0.698293	-1.229933	-1.170366	0.891619
knee	90	-0.750000	-0.861895	1.342059	-0.396484	-1.124705	-1.047265	0.809718
knee	90	-0.500000	-0.776614	1.368680	-0.093094	-0.948964	-1.007986	0.719456
knee	90	-0.250000	-0.687961	1.396432	0.175696	-0.687523	-1.076582	0.642208
knee	90	0.000000	-0.584869	1.415131	0.355895	-0.368670	-1.160564	0.640732
knee	90	0.250000	-0.474141	1.458067	0.455360	-0.027478	-1.238311	0.756247
knee	90	0.500000	-0.376546	1.502866	0.483660	0.295009	-1.304501	0.921421
knee	90	0.750000	-0.331149	1.543386	0.484554	0.584220	-1.361926	1.108697
knee	90	1.000000	-0.317073	1.577676	0.482989	0.876152	-1.408001	1.314092
knee	90	1.250000	-0.315242	1.600015	0.483268	1.158264	-1.442656	1.530863
knee	90	1.500000	-0.310057	1.617034	0.475681	1.424642	-1.471010	1.754216
knee	90	1.750000	-0.312844	1.626286	0.469947	1.691460	-1.491396	1.984522
knee	90	2.000000	-0.314782	1.624291	0.461919	1.954307	-1.490821	2.214856
knee	90	2.250000	-0.313631	1.612150	0.450642	2.213870	-1.478700	2.445515
knee	90	2.500000	-0.314379	1.590854	0.440687	2.473589	-1.460058	2.675976
knee	90	2.750000	-0.315801	1.549600	0.432356	2.732528	-1.429542	2.908931
knee	90	3.000000	-0.315895	1.498190	0.422072	2.990749	-1.389292	3.143851
knee	105	-3.000000	-1.457941	1.362572	-2.889168	-1.761087	-3.005792	1.224135
knee	105	-2.750000	-1.387110	1.345455	-2.607475	-1.711560	-2.746710	1.169049
knee	105	-2.500000	-1.311389	1.328562	-2.327914	-1.653215	-2.493732	1.122523
knee	105	-2.250000	-1.236817	1.310900	-2.056769	-1.589092	-2.239785	1.084418
knee	105	-2.000000	-1.167688	1.301514	-1.790762	-1.527332	-1.982721	1.051862
knee	105	-1.750000	-1.095628	1.298475	-1.526497	-1.462737	-1.726456	1.016220
knee	105	-1.500000	-1.034681	1.301343	-1.246335	-1.403179	-1.473778	0.968684
knee	105	-1.250000	-0.987901	1.312613	-0.952861	-1.346118	-1.240580	0.891231
knee	105	-1.000000	-0.927908	1.325591	-0.661261	-1.258806	-1.050482	0.776496
knee	105	-0.750000	-0.861895	1.342059	-0.350691	-1.147638	-0.910660	0.641334
knee	105	-0.500000	-0.776614	1.368680	-0.045696	-0.956258	-0.860750	0.482313
knee	105	-0.250000	-0.687961	1.396432	0.213740	-0.671946	-0.951513	0.332878
knee	105	0.000000	-0.584869	1.415131	0.371971	-0.330044	-1.099760	0.273126
knee	105	0.250000	-0.474141	1.458067	0.433513	0.028470	-1.260910	0.353337
knee	105	0.500000	-0.376546	1.502866	0.405684	0.355605	-1.409682	0.494352
knee	105	0.750000	-0.331149	1.543386	0.337807	0.651046	-1.547034	0.663337
knee	105	1.000000	-0.317073	1.577676	0.259391	0.946998	-1.668598	0.855565
knee	105	1.250000	-0.315242	1.600015	0.185611	1.226577	-1.773802	1.064730
knee	105	1.500000	-0.310057	1.617034	0.108037	1.485646	-1.870706	1.282264
knee	105	1.750000	-0.312844	1.626286	0.031252	1.744658	-1.956484	1.508741
knee	105	2.000000	-0.314782	1.624291	-0.045967	1.998129	-2.017025	1.738576
knee	105	2.250000	-0.313631	1.612150	-0.124962	2.247161	-2.064532	1.970517
knee	105	2.500000	-0.314379	1.590854	-0.202854	2.496219	-2.103453	2.202117
knee	105	2.750000	-0.315801	1.549600	-0.278926	2.744085	-2.133552	2.436407
knee	105	3.000000	-0.315895	1.498190	-0.356524	2.990799	-2.154828	2.674747
knee	120	-3.000000	-1.457941	1.362572	-2.880165	-1.766880	-2.996097	1.190831
knee	120	-2.750000	-1.387110	1.345455	-2.596789	-1.717208	-2.730142	1.137922
knee	120	-2.500000	-1.311389	1.328562	-2.315477	-1.658852	-2.469180	1.094064
knee	120	-2.250000	-1.236817	1.310900	-2.043235	-1.595224	-2.203173	1.060749
knee	120	-2.000000	-1.167688	1.301514	-1.776707	-1.534160	-1.928434	1.030681
knee	120	-1.750000	-1.095628	1.298475	-1.511789	-1.470216	-1.650667	0.991187
knee	120	-1.500000	-1.034681	1.301343	-1.230057	-1.410872	-1.372517	0.931717
knee	120	-1.250000	-0.987901	1.312613	-0.933702	-1.353281	-1.111991	0.825109
knee	120	-1.000000	-0.927908	1.325591	-0.637772	-1.263119	-0.900191	0.668519
knee	120	-0.750000	-0.861895	1.342059	-0.322901	-1.145823	-0.743409	0.486315
knee	120	-0.500000	-0.776614	1.368680	-0.021170	-0.945619	-0.676182	0.274424
knee	120	-0.250000	-0.687961	1.396432	0.227106	-0.652394	-0.759168	0.067281
knee	120	0.000000	-0.584869	1.415131	0.366162	-0.301990	-0.935970	-0.057028
knee	120	0.250000	-0.474141	1.458067	0.391703	0.059955	-1.156392	-0.039887
knee	120	0.500000	-0.376546	1.502866	0.306444	0.382518	-1.375369	0.048429
knee	120	0.750000	-0.331149	1.543386	0.171268	0.678496	-1.585438	0.172333
knee	120	1.000000	-0.317073	1.577676	0.020342	0.962010	-1.779777	0.328039
knee	120	1.250000	-0.315242	1.600015	-0.123751	1.219912	-1.955689	0.510003
knee	120	1.500000	-0.310057	1.617034	-0.267152	1.453909	-2.121706	0.703500
knee	120	1.750000	-0.312844	1.626286	-0.410291	1.686815	-2.273456	0.909841
knee	120	2.000000	-0.314782	1.624291	-0.551455	1.912996	-2.396152	1.125087
knee	120	2.250000	-0.313631	1.612150	-0.692764	2.133776	-2.504782	1.345476
knee	120	2.500000	-0.314379	1.590854	-0.833137	2.354295	-2.602691	1.567102
knee	120	2.750000	-0.315801	1.549600	-0.971748	2.572991	-2.692872	1.790130
knee	120	3.000000	-0.315895	1.498190	-1.111137	2.790388	-2.774917	2.018510
knee	135	-3.000000	-1.457941	1.362572	-2.879486	-1.756879	-2.987662	1.164368
knee	135	-2.750000	-1.387110	1.345455	-2.597978	-1.705890	-2.713765	1.115389
knee	135	-2.500000	-1.311389	1.328562	-2.318091	-1.646518	-2.443702	1.076223
knee	135	-2.250000	-1.236817	1.310900	-2.046767	-1.583181	-2.164047	1.049838
knee	135	-2.000000	-1.167688	1.301514	-1.780990	-1.523060	-1.868817	1.023442
knee	135	-1.750000	-1.095628	1.298475	-1.516574	-1.459955	-1.566428	0.980970
knee	135	-1.500000	-1.034681	1.301343	-1.234947	-1.400760	-1.258791	0.909498
knee	135	-1.250000	-0.987901	1.312613	-0.937554	-1.342163	-0.966648	0.772517
knee	135	-1.000000	-0.927908	1.325591	-0.640112	-1.247141	-0.731874	0.575238
knee	135	-0.750000	-0.861895	1.342059	-0.324027	-1.123789	-0.561281	0.354977
knee	135	-0.500000	-0.776614	1.368680	-0.027043	-0.922898	-0.478941	0.112333
knee	135	-0.250000	-0.687961	1.396432	0.213205	-0.634400	-0.531158	-0.127244
knee	135	0.000000	-0.584869	1.415131	0.338520	-0.287739	-0.699316	-0.314219
knee	135	0.250000	-0.474141	1.458067	0.332365	0.064358	-0.945139	-0.376307
knee	135	0.500000	-0.376546	1.502866	0.190919	0.369666	-1.208352	-0.363370
knee	135	0.750000	-0.331149	1.543386	-0.007673	0.659360	-1.471108	-0.308757
knee	135	1.000000	-0.317073	1.577676	-0.221235	0.916792	-1.725881	-0.212518
knee	135	1.250000	-0.315242	1.600015	-0.427064	1.135061	-1.965649	-0.079070
knee	135	1.500000	-0.310057	1.617034	-0.627775	1.327429	-2.196279	0.070628
knee	135	1.750000	-0.312844	1.626286	-0.828021	1.517937	-2.411964	0.239967
knee	135	2.000000	-0.314782	1.624291	-1.022927	1.701257	-2.595148	0.424951
knee	135	2.250000	-0.313631	1.612150	-1.216399	1.877950	-2.763902	0.618644
knee	135	2.500000	-0.314379	1.590854	-1.409871	2.053654	-2.920121	0.816169
knee	135	2.750000	-0.315801	1.549600	-1.601297	2.227001	-3.066955	1.014345
knee	135	3.000000	-0.315895	1.498190	-1.792174	2.399655	-3.206278	1.219732
knee	150	-3.000000	-1.457941	1.362572	-2.884447	-1.732985	-2.980491	1.143592
knee	150	-2.750000	-1.387110	1.345455	-2.607045	-1.679600	-2.698135	1.099963
knee	150	-2.500000	-1.311389	1.328562	-2.330814	-1.618268	-2.418988	1.067132
knee	150	-2.250000	-1.236817	1.310900	-2.062295	-1.554596	-2.125529	1.047925
knee	150	-2.000000	-1.167688	1.301514	-1.798936	-1.494950	-1.808640	1.026869
knee	150	-1.750000	-1.095628	1.298475	-1.536544	-1.432227	-1.479735	0.983268
knee	150	-1.500000	-1.034681	1.301343	-1.257945	-1.372676	-1.139942	0.901880
knee	150	-1.250000	-0.987901	1.312613	-0.963757	-1.312637	-0.812481	0.737416
knee	150	-1.000000	-0.927908	1.325591	-0.669141	-1.212371	-0.555623	0.500918
knee	150	-0.750000	-0.861895	1.342059	-0.358021	-1.084930	-0.379347	0.250785
knee	150	-0.500000	-0.776614	1.368680	-0.067172	-0.891913	-0.293443	0.001137
knee	150	-0.250000	-0.687961	1.396432	0.171510	-0.622124	-0.300059	-0.233906
knee	150	0.000000	-0.584869	1.415131	0.294070	-0.292569	-0.417718	-0.471848
knee	150	0.250000	-0.474141	1.458067	0.267621	0.036146	-0.650320	-0.619083
knee	150	0.500000	-0.376546	1.502866	0.073869	0.315366	-0.927002	-0.695251
knee	150	0.750000	-0.331149	1.543386	-0.185261	0.592652	-1.216193	-0.726566
knee	150	1.000000	-0.317073	1.577676	-0.449869	0.810436	-1.510616	-0.710165
knee	150	1.250000	-0.315242	1.600015	-0.703937	0.973047	-1.799589	-0.646079
knee	150	1.500000	-0.310057	1.617034	-0.949141	1.109071	-2.082552	-0.560925
knee	150	1.750000	-0.312844	1.626286	-1.193434	1.242832	-2.352930	-0.448563
knee	150	2.000000	-0.314782	1.624291	-1.428727	1.370774	-2.589994	-0.310855
knee	150	2.250000	-0.313631	1.612150	-1.660483	1.491582	-2.813386	-0.160161
knee	150	2.500000	-0.314379	1.590854	-1.892858	1.610052	-3.023093	-0.001680
knee	150	2.750000	-0.315801	1.549600	-2.122505	1.725808	-3.220121	0.158043
knee	150	3.000000	-0.315895	1.498190	-2.350596	1.842096	-3.410769	0.327273
elbow	0	-3.000000	-1.435890	1.284563	-3.000000	-1.435890	-3.000000	1.284563
elbow	0	-2.750000	-1.358400	1.268724	-2.750000	-1.358400	-2.750000	1.268724
elbow	0	-2.500000	-1.281966	1.259018	-2.500000	-1.281966	-2.500000	1.259018
elbow	0	-2.250000	-1.200385	1.251690	-2.250000	-1.200385	-2.250000	1.251690
elbow	0	-2.000000	-1.120557	1.245298	-2.000000	-1.120557	-2.000000	1.245298
elbow	0	-1.750000	-1.048020	1.236225	-1.750000	-1.048020	-1.750000	1.236225
elbow	0	-1.500000	-1.010470	1.224664	-1.500000	-1.010470	-1.500000	1.224664
elbow	0	-1.250000	-0.952889	1.237009	-1.250000	-0.952889	-1.250000	1.237009
elbow	0	-1.000000	-0.902428	1.253261	-1.000000	-0.902428	-1.000000	1.253261
elbow	0	-0.750000	-0.843613	1.262884	-0.750000	-0.843613	-0.750000	1.262884
elbow	0	-0.500000	-0.782761	1.293028	-0.500000	-0.782761	-0.500000	1.293028
elbow	0	-0.250000	-0.724016	1.316280	-0.250000	-0.724016	-0.250000	1.316280
elbow	0	0.000000	-0.671638	1.328362	0.000000	-0.671638	-0.000000	1.328362
elbow	0	0.250000	-0.638250	1.337268	0.250000	-0.638250	0.250000	1.337268
elbow	0	0.500000	-0.654639	1.325078	0.500000	-0.654639	0.500000	1.325078
elbow	0	0.750000	-0.686671	1.309016	0.750000	-0.686671	0.750000	1.309016
elbow	0	1.000000	-0.724585	1.303784	1.000000	-0.724585	1.000000	1.303784
elbow	0	1.250000	-0.767519	1.317359	1.250000	-0.767519	1.250000	1.317359
elbow	0	1.500000	-0.797611	1.298733	1.500000	-0.797611	1.500000	1.298733
elbow	0	1.750000	-0.829576	1.270735	1.750000	-0.829576	1.750000	1.270735
elbow	0	2.000000	-0.862191	1.241758	2.000000	-0.862191	2.000000	1.241758
elbow	0	2.250000	-0.879086	1.198512	2.250000	-0.879086	2.250000	1.198512
elbow	0	2.500000	-0.893325	1.152783	2.500000	-0.893325	2.500000	1.152783
elbow	0	2.750000	-0.899657	1.105051	2.750000	-0.899657	2.750000	1.105051
elbow	0	3.000000	-0.903480	1.055037	3.000000	-0.903480	3.000000	1.055037
elbow	15	-3.000000	-1.435890	1.284563	-2.999687	-1.453160	-2.991088	1.279560
elbow	15	-2.750000	-1.358400	1.268724	-2.748160	-1.380373	-2.740621	1.260545
elbow	15	-2.500000	-1.281966	1.259018	-2.496525	-1.308367	-2.490718	1.246883
elbow	15	-2.250000	-1.200385	1.251690	-2.245434	-1.231288	-2.241757	1.235250
elbow	15	-2.000000	-1.120557	1.245298	-1.994158	-1.155075	-1.999334	1.222699
elbow	15	-1.750000	-1.048020	1.236225	-1.742876	-1.085773	-1.757751	1.206915
elbow	15	-1.500000	-1.010470	1.224664	-1.491198	-1.050104	-1.516191	1.190181
elbow	15	-1.250000	-0.952889	1.237009	-1.239929	-0.993412	-1.277166	1.198700
elbow	15	-1.000000	-0.902428	1.253261	-0.988050	-0.943263	-1.043548	1.213821
elbow	15	-0.750000	-0.843613	1.262884	-0.735868	-0.885883	-0.816205	1.225214
elbow	15	-0.500000	-0.782761	1.293028	-0.481926	-0.825020	-0.600337	1.265368
elbow	15	-0.250000	-0.724016	1.316280	-0.225199	-0.763937	-0.383865	1.298434
elbow	15	0.000000	-0.671638	1.328362	0.040198	-0.704092	-0.168959	1.339542
elbow	15	0.250000	-0.638250	1.337268	0.318107	-0.648485	0.046378	1.376831
elbow	15	0.500000	-0.654639	1.325078	0.589304	-0.616494	0.265446	1.417071
elbow	15	0.750000	-0.686671	1.309016	0.856082	-0.579564	0.486022	1.454110
elbow	15	1.000000	-0.724585	1.303784	1.118507	-0.540912	0.714760	1.506318
elbow	15	1.250000	-0.767519	1.317359	1.382127	-0.503151	0.943245	1.575747
elbow	15	1.500000	-0.797611	1.298733	1.644189	-0.455364	1.181413	1.617770
elbow	15	1.750000	-0.829576	1.270735	1.898181	-0.410421	1.420433	1.651701
elbow	15	2.000000	-0.862191	1.241758	2.151654	-0.366711	1.658001	1.685552
elbow	15	2.250000	-0.879086	1.198512	2.398888	-0.310960	1.901950	1.707683
elbow	15	2.500000	-0.893325	1.152783	2.645357	-0.253250	2.148017	1.728213
elbow	15	2.750000	-0.899657	1.105051	2.889250	-0.189902	2.394892	1.749266
elbow	15	3.000000	-0.903480	1.055037	3.131839	-0.125285	2.644228	1.768003
elbow	30	-3.000000	-1.435890	1.284563	-3.000766	-1.466568	-2.986241	1.277381
elbow	30	-2.750000	-1.358400	1.268724	-2.747757	-1.399036	-2.735649	1.254946
elbow	30	-2.500000	-1.281966	1.259018	-2.494467	-1.332007	-2.485965	1.237102
elbow	30	-2.250000	-1.200385	1.251690	-2.242122	-1.259905	-2.237960	1.220695
elbow	30	-2.000000	-1.120557	1.245298	-1.989385	-1.187859	-2.001337	1.199710
elbow	30	-1.750000	-1.048020	1.236225	-1.736549	-1.122065	-1.765766	1.174791
elbow	30	-1.500000	-1.010470	1.224664	-1.483207	-1.088447	-1.529809	1.150049
elbow	30	-1.250000	-0.952889	1.237009	-1.230172	-1.032600	-1.299036	1.150730
elbow	30	-1.000000	-0.902428	1.253261	-0.975039	-0.982221	-1.078442	1.158877
elbow	30	-0.750000	-0.843613	1.262884	-0.718573	-0.925497	-0.870715	1.164357
elbow	30	-0.500000	-0.782761	1.293028	-0.458212	-0.863314	-0.687803	1.203361
elbow	30	-0.250000	-0.724016	1.316280	-0.192739	-0.798041	-0.504608	1.235194
elbow	30	0.000000	-0.671638	1.328362	0.088974	-0.727462	-0.331143	1.292797
elbow	30	0.250000	-0.638250	1.337268	0.393067	-0.646536	-0.156675	1.346396
elbow	30	0.500000	-0.654639	1.325078	0.669206	-0.565971	0.018035	1.429205
elbow	30	0.750000	-0.686671	1.309016	0.936308	-0.460076	0.195289	1.510148
elbow	30	1.000000	-0.724585	1.303784	1.191948	-0.345188	0.385664	1.615369
elbow	30	1.250000	-0.767519	1.317359	1.449104	-0.225167	0.575722	1.737895
elbow	30	1.500000	-0.797611	1.298733	1.702500	-0.096659	0.786413	1.840055
elbow	30	1.750000	-0.829576	1.270735	1.940547	0.025911	0.998715	1.935642
elbow	30	2.000000	-0.862191	1.241758	2.177846	0.146303	1.209014	2.031925
elbow	30	2.250000	-0.879086	1.198512	2.403180	0.272847	1.430890	2.118632
elbow	30	2.500000	-0.893325	1.152783	2.627065	0.400459	1.656518	2.204052
elbow	30	2.750000	-0.899657	1.105051	2.846026	0.530697	1.882855	2.291040
elbow	30	3.000000	-0.903480	1.055037	3.063046	0.660635	2.114154	2.375542
elbow	45	-3.000000	-1.435890	1.284563	-2.993397	-1.486250	-2.991180	1.264689
elbow	45	-2.750000	-1.358400	1.268724	-2.739350	-1.424413	-2.743176	1.242126
elbow	45	-2.500000	-1.281966	1.259018	-2.485084	-1.362805	-2.497298	1.224781
elbow	45	-2.250000	-1.200385	1.251690	-2.231363	-1.295872	-2.253871	1.208686
elbow	45	-2.000000	-1.120557	1.245298	-1.976695	-1.228909	-2.026457	1.185486
elbow	45	-1.750000	-1.048020	1.236225	-1.721988	-1.167049	-1.801139	1.160392
elbow	45	-1.500000	-1.010470	1.224664	-1.467168	-1.136226	-1.578749	1.137692
elbow	45	-1.250000	-0.952889	1.237009	-1.211424	-1.082538	-1.361589	1.142637
elbow	45	-1.000000	-0.902428	1.253261	-0.950805	-1.032670	-1.159571	1.158568
elbow	45	-0.750000	-0.843613	1.262884	-0.689342	-0.975672	-0.976933	1.174523
elbow	45	-0.500000	-0.782761	1.293028	-0.422758	-0.909433	-0.820003	1.232155
elbow	45	-0.250000	-0.724016	1.316280	-0.149372	-0.833757	-0.663160	1.282509
elbow	45	0.000000	-0.671638	1.328362	0.143742	-0.741745	-0.524722	1.363130
elbow	45	0.250000	-0.638250	1.337268	0.458792	-0.617188	-0.384739	1.439693
elbow	45	0.500000	-0.654639	1.325078	0.737681	-0.476017	-0.246396	1.538240
elbow	45	0.750000	-0.686671	1.309016	0.988962	-0.298735	-0.105144	1.635036
elbow	45	1.000000	-0.724585	1.303784	1.220871	-0.108588	0.046855	1.756953
elbow	45	1.250000	-0.767519	1.317359	1.445593	0.088331	0.195942	1.902307
elbow	45	1.500000	-0.797611	1.298733	1.659529	0.290104	0.366985	2.039056
elbow	45	1.750000	-0.829576	1.270735	1.859618	0.478776	0.539514	2.172808
elbow	45	2.000000	-0.862191	1.241758	2.059281	0.665282	0.710385	2.311765
elbow	45	2.250000	-0.879086	1.198512	2.245140	0.852743	0.895622	2.445130
elbow	45	2.500000	-0.893325	1.152783	2.429205	1.040673	1.085041	2.579035
elbow	45	2.750000	-0.899657	1.105051	2.607535	1.228753	1.274569	2.716631
elbow	45	3.000000	-0.903480	1.055037	2.783966	1.415824	1.469643	2.853181
elbow	60	-3.000000	-1.435890	1.284563	-2.976374	-1.505939	-2.997946	1.252853
elbow	60	-2.750000	-1.358400	1.268724	-2.721214	-1.449638	-2.753658	1.231131
elbow	60	-2.500000	-1.281966	1.259018	-2.465956	-1.393316	-2.512763	1.215297
elbow	60	-2.250000	-1.200385	1.251690	-2.211395	-1.331447	-2.274875	1.200601
elbow	60	-2.000000	-1.120557	1.245298	-1.955307	-1.269625	-2.057006	1.176672
elbow	60	-1.750000	-1.048020	1.236225	-1.699221	-1.211441	-1.842402	1.152976
elbow	60	-1.500000	-1.010470	1.224664	-1.442669	-1.183121	-1.633909	1.133488
elbow	60	-1.250000	-0.952889	1.237009	-1.183525	-1.131531	-1.430267	1.141265
elbow	60	-1.000000	-0.902428	1.253261	-0.916552	-1.081413	-1.246813	1.161094
elbow	60	-0.750000	-0.843613	1.262884	-0.649419	-1.022746	-1.090778	1.181251
elbow	60	-0.500000	-0.782761	1.293028	-0.376238	-0.950500	-0.967835	1.251541
elbow	60	-0.250000	-0.724016	1.316280	-0.094801	-0.861864	-0.845059	1.314223
elbow	60	0.000000	-0.671638	1.328362	0.207443	-0.745573	-0.752876	1.411485
elbow	60	0.250000	-0.638250	1.337268	0.521184	-0.575329	-0.658441	1.504500
elbow	60	0.500000	-0.654639	1.325078	0.787453	-0.374403	-0.564059	1.612822
elbow	60	0.750000	-0.686671	1.309016	1.003081	-0.133290	-0.465954	1.719660
elbow	60	1.000000	-0.724585	1.303784	1.190275	0.125399	-0.356115	1.850535
elbow	60	1.250000	-0.767519	1.317359	1.360345	0.389369	-0.250731	2.009289
elbow	60	1.500000	-0.797611	1.298733	1.513349	0.650756	-0.123972	2.167803
elbow	60	1.750000	-0.829576	1.270735	1.659516	0.891965	0.004302	2.326110
elbow	60	2.000000	-0.862191	1.241758	1.805411	1.131288	0.130521	2.493542
elbow	60	2.250000	-0.879086	1.198512	1.937669	1.367149	0.273114	2.658632
elbow	60	2.500000	-0.893325	1.152783	2.067871	1.603006	0.419967	2.825476
elbow	60	2.750000	-0.899657	1.105051	2.192196	1.837383	0.564889	2.997927
elbow	60	3.000000	-0.903480	1.055037	2.314687	2.070543	0.715090	3.170690
elbow	75	-3.000000	-1.435890	1.284563	-2.958250	-1.518349	-3.006561	1.242117
elbow	75	-2.750000	-1.358400	1.268724	-2.702130	-1.466800	-2.766300	1.220729
elbow	75	-2.500000	-1.281966	1.259018	-2.445979	-1.415049	-2.530170	1.205851
elbow	75	-2.250000	-1.200385	1.251690	-2.190952	-1.357652	-2.297198	1.191995
elbow	75	-2.000000	-1.120557	1.245298	-1.933875	-1.300330	-2.085880	1.166463
elbow	75	-1.750000	-1.048020	1.236225	-1.676623	-1.245401	-1.877832	1.141817
elbow	75	-1.500000	-1.010470	1.224664	-1.418206	-1.218931	-1.676654	1.121557
elbow	75	-1.250000	-0.952889	1.237009	-1.155567	-1.168835	-1.480350	1.124641
elbow	75	-1.000000	-0.902428	1.253261	-0.882042	-1.117408	-1.307140	1.136562
elbow	75	-0.750000	-0.843613	1.262884	-0.608557	-1.055688	-1.168762	1.144910
elbow	75	-0.500000	-0.782761	1.293028	-0.327841	-0.976116	-1.083375	1.204433
elbow	75	-0.250000	-0.724016	1.316280	-0.037478	-0.874117	-0.998285	1.256100
elbow	75	0.000000	-0.671638	1.328362	0.273850	-0.734544	-0.961547	1.348831
elbow	75	0.250000	-0.638250	1.337268	0.580953	-0.524343	-0.921624	1.437272
elbow	75	0.500000	-0.654639	1.325078	0.819430	-0.274958	-0.888553	1.550054
elbow	75	0.750000	-0.686671	1.309016	0.985683	0.016685	-0.851078	1.662762
elbow	75	1.000000	-0.724585	1.303784	1.110305	0.329842	-0.799603	1.802924
elbow	75	1.250000	-0.767519	1.317359	1.209120	0.645783	-0.749991	1.973398
elbow	75	1.500000	-0.797611	1.298733	1.288069	0.950692	-0.674713	2.149943
elbow	75	1.750000	-0.829576	1.270735	1.368443	1.229828	-0.596425	2.327689
elbow	75	2.000000	-0.862191	1.241758	1.448477	1.507038	-0.519917	2.515733
elbow	75	2.250000	-0.879086	1.198512	1.515905	1.776319	-0.423625	2.703542
elbow	75	2.500000	-0.893325	1.152783	1.581055	2.045011	-0.321890	2.893191
elbow	75	2.750000	-0.899657	1.105051	1.640544	2.310462	-0.224676	3.088548
elbow	75	3.000000	-0.903480	1.055037	1.698341	2.574363	-0.122069	3.285094
elbow	90	-3.000000	-1.435890	1.284563	-2.939171	-1.522971	-3.014560	1.234846
elbow	90	-2.750000	-1.358400	1.268724	-2.682571	-1.475683	-2.778268	1.213549
elbow	90	-2.500000	-1.281966	1.259018	-2.425881	-1.427974	-2.546551	1.199217
elbow	90	-2.250000	-1.200385	1.251690	-2.170780	-1.374766	-2.317853	1.185693
elbow	90	-2.000000	-1.120557	1.245298	-1.913118	-1.321497	-2.109706	1.157188
elbow	90	-1.750000	-1.048020	1.236225	-1.654911	-1.269657	-1.903057	1.128818
elbow	90	-1.500000	-1.010470	1.224664	-1.395491	-1.244642	-1.701521	1.103648
elbow	90	-1.250000	-0.952889	1.237009	-1.130113	-1.195642	-1.504908	1.095562
elbow	90	-1.000000	-0.902428	1.253261	-0.850458	-1.142070	-1.331392	1.090152
elbow	90	-0.750000	-0.843613	1.262884	-0.570555	-1.076067	-1.198357	1.074885
elbow	90	-0.500000	-0.782761	1.293028	-0.282314	-0.988067	-1.145593	1.102461
elbow	90	-0.250000	-0.724016	1.316280	0.016532	-0.872555	-1.093496	1.122090
elbow	90	0.000000	-0.671638	1.328362	0.334934	-0.710651	-1.111226	1.188056
elbow	90	0.250000	-0.638250	1.337268	0.629773	-0.464626	-1.124699	1.249901
elbow	90	0.500000	-0.654639	1.325078	0.831389	-0.175938	-1.166651	1.353250
elbow	90	0.750000	-0.686671	1.309016	0.941555	0.154080	-1.204300	1.458804
elbow	90	1.000000	-0.724585	1.303784	0.992142	0.503712	-1.228018	1.598644
elbow	90	1.250000	-0.767519	1.317359	1.008319	0.851496	-1.247155	1.771387
elbow	90	1.500000	-0.797611	1.298733	1.004603	1.180141	-1.232226	1.958552
elbow	90	1.750000	-0.829576	1.270735	1.011107	1.479307	-1.211141	2.148289
elbow	90	2.000000	-0.862191	1.241758	1.017198	1.776165	-1.189603	2.348047
elbow	90	2.250000	-0.879086	1.198512	1.012583	2.060919	-1.142833	2.550030
elbow	90	2.500000	-0.893325	1.152783	1.005561	2.344372	-1.087759	2.753833
elbow	90	2.750000	-0.899657	1.105051	0.993510	2.622841	-1.039333	2.961599
elbow	90	3.000000	-0.903480	1.055037	0.980049	2.899411	-0.984926	3.171376
elbow	105	-3.000000	-1.435890	1.284563	-2.920352	-1.519520	-3.021788	1.231596
elbow	105	-2.750000	-1.358400	1.268724	-2.663638	-1.475441	-2.789125	1.210000
elbow	105	-2.500000	-1.281966	1.259018	-2.406691	-1.430758	-2.561038	1.195585
elbow	105	-2.250000	-1.200385	1.251690	-2.151957	-1.380899	-2.335489	1.181722
elbow	105	-2.000000	-1.120557	1.245298	-1.894237	-1.330732	-2.126826	1.149342
elbow	105	-1.750000	-1.048020	1.236225	-1.635444	-1.281361	-1.916539	1.115108
elbow	105	-1.500000	-1.010470	1.224664	-1.375553	-1.257098	-1.707146	1.081782
elbow	105	-1.250000	-0.952889	1.237009	-1.108085	-1.208536	-1.502710	1.057399
elbow	105	-1.000000	-0.902428	1.253261	-0.823191	-1.152082	-1.318434	1.027486
elbow	105	-0.750000	-0.843613	1.262884	-0.537538	-1.081055	-1.177565	0.980409
elbow	105	-0.500000	-0.782761	1.293028	-0.242720	-0.984539	-1.139042	0.957099
elbow	105	-0.250000	-0.724016	1.316280	0.062966	-0.856881	-1.101664	0.925439
elbow	105	0.000000	-0.671638	1.328362	0.384880	-0.675563	-1.158256	0.942464
elbow	105	0.250000	-0.638250	1.337268	0.664594	-0.399300	-1.210084	0.955984
elbow	105	0.500000	-0.654639	1.325078	0.823594	-0.080592	-1.324787	1.025331
elbow	105	0.750000	-0.686671	1.309016	0.874261	0.276882	-1.437468	1.099199
elbow	105	1.000000	-0.724585	1.303784	0.847185	0.643592	-1.547821	1.212814
elbow	105	1.250000	-0.767519	1.317359	0.776022	1.000575	-1.648308	1.367049
elbow	105	1.500000	-0.797611	1.298733	0.685047	1.331399	-1.710431	1.554899
elbow	105	1.750000	-0.829576	1.270735	0.613782	1.631176	-1.762344	1.747870
elbow	105	2.000000	-0.862191	1.241758	0.542479	1.928145	-1.807184	1.950740
elbow	105	2.250000	-0.879086	1.198512	0.463514	2.209111	-1.817785	2.161730
elbow	105	2.500000	-0.893325	1.152783	0.382193	2.487840	-1.814833	2.376469
elbow	105	2.750000	-0.899657	1.105051	0.296765	2.759656	-1.816736	2.592095
elbow	105	3.000000	-0.903480	1.055037	0.210400	3.029290	-1.810969	2.810834
elbow	120	-3.000000	-1.435890	1.284563	-2.903571	-1.508479	-3.027588	1.233295
elbow	120	-2.750000	-1.358400	1.268724	-2.647125	-1.466218	-2.798003	1.211087
elbow	120	-2.500000	-1.281966	1.259018	-2.390293	-1.423203	-2.572502	1.196068
elbow	120	-2.250000	-1.200385	1.251690	-2.136766	-1.375580	-2.348722	1.181317
elbow	120	-2.000000	-1.120557	1.245298	-1.879981	-1.327325	-2.136130	1.144353
elbow	120	-1.750000	-1.048020	1.236225	-1.621263	-1.279631	-1.918029	1.102584
elbow	120	-1.500000	-1.010470	1.224664	-1.361141	-1.255471	-1.694443	1.058678
elbow	120	-1.250000	-0.952889	1.237009	-1.092016	-1.206801	-1.475688	1.014707
elbow	120	-1.000000	-0.902428	1.253261	-0.803066	-1.147137	-1.271798	0.956160
elbow	120	-0.750000	-0.843613	1.262884	-0.512861	-1.071210	-1.111460	0.873926
elbow	120	-0.500000	-0.782761	1.293028	-0.213266	-0.967300	-1.066471	0.796264
elbow	120	-0.250000	-0.724016	1.316280	0.096582	-0.830367	-1.023786	0.709702
elbow	120	0.000000	-0.671638	1.328362	0.417253	-0.634387	-1.097654	0.669671
elbow	120	0.250000	-0.638250	1.337268	0.676966	-0.332862	-1.166634	0.627119
elbow	120	0.500000	-0.654639	1.325078	0.790720	0.010365	-1.333064	0.644199
elbow	120	0.750000	-0.686671	1.309016	0.782305	0.385578	-1.500526	0.667065
elbow	120	1.000000	-0.724585	1.303784	0.679937	0.750765	-1.683686	0.729002
elbow	120	1.250000	-0.767519	1.317359	0.523797	1.093444	-1.863415	0.837016
elbow	120	1.500000	-0.797611	1.298733	0.347199	1.403055	-2.010397	0.999886
elbow	120	1.750000	-0.829576	1.270735	0.199736	1.683400	-2.145021	1.173370
elbow	120	2.000000	-0.862191	1.241758	0.053048	1.960681	-2.267434	1.362029
elbow	120	2.250000	-0.879086	1.198512	-0.097332	2.218565	-2.347577	1.569211
elbow	120	2.500000	-0.893325	1.152783	-0.249667	2.473201	-2.409485	1.784423
elbow	120	2.750000	-0.899657	1.105051	-0.404814	2.718912	-2.468585	1.999797
elbow	120	3.000000	-0.903480	1.055037	-0.560354	2.962244	-2.517243	2.220118
elbow	135	-3.000000	-1.435890	1.284563	-2.888832	-1.489629	-3.030773	1.240199
elbow	135	-2.750000	-1.358400	1.268724	-2.633158	-1.447561	-2.803608	1.217053
elbow	135	-2.500000	-1.281966	1.259018	-2.376988	-1.404596	-2.579550	1.201000
elbow	135	-2.250000	-1.200385	1.251690	-2.125831	-1.357940	-2.356160	1.184921
elbow	135	-2.000000	-1.120557	1.245298	-1.871290	-1.310291	-2.137061	1.142753
elbow	135	-1.750000	-1.048020	1.236225	-1.613514	-1.263466	-1.908144	1.092187
elbow	135	-1.500000	-1.010470	1.224664	-1.353377	-1.239056	-1.665325	1.036139
elbow	135	-1.250000	-0.952889	1.237009	-1.082882	-1.189851	-1.427238	0.971100
elbow	135	-1.000000	-0.902428	1.253261	-0.791279	-1.127147	-1.197137	0.882635
elbow	135	-0.750000	-0.843613	1.262884	-0.498063	-1.047387	-1.008772	0.766240
elbow	135	-0.500000	-0.782761	1.293028	-0.195985	-0.938400	-0.944200	0.648905
elbow	135	-0.250000	-0.724016	1.316280	0.114922	-0.796346	-0.883957	0.522358
elbow	135	0.000000	-0.671638	1.328362	0.429173	-0.592289	-0.956796	0.429731
elbow	135	0.250000	-0.638250	1.337268	0.661154	-0.271174	-1.024894	0.335701
elbow	135	0.500000	-0.654639	1.325078	0.726843	0.094946	-1.213828	0.294547
elbow	135	0.750000	-0.686671	1.309016	0.661571	0.479413	-1.406078	0.259521
elbow	135	1.000000	-0.724585	1.303784	0.490862	0.826556	-1.630044	0.253950
elbow	135	1.250000	-0.767519	1.317359	0.259449	1.132339	-1.866423	0.292273
elbow	135	1.500000	-0.797611	1.298733	0.006419	1.396431	-2.086947	0.398913
elbow	135	1.750000	-0.829576	1.270735	-0.210288	1.637967	-2.299141	0.521822
elbow	135	2.000000	-0.862191	1.241758	-0.425207	1.876846	-2.502947	0.666939
elbow	135	2.250000	-0.879086	1.198512	-0.638871	2.093769	-2.660817	0.844750
elbow	135	2.500000	-0.893325	1.152783	-0.853707	2.306570	-2.797918	1.036726
elbow	135	2.750000	-0.899657	1.105051	-1.069647	2.508323	-2.921503	1.235128
elbow	135	3.000000	-0.903480	1.055037	-1.285450	2.707388	-3.031039	1.443438
elbow	150	-3.000000	-1.435890	1.284563	-2.878198	-1.464352	-3.031232	1.249713
elbow	150	-2.750000	-1.358400	1.268724	-2.623187	-1.421554	-2.805862	1.225673
elbow	150	-2.500000	-1.281966	1.259018	-2.367580	-1.377772	-2.582262	1.208342
elbow	150	-2.250000	-1.200385	1.251690	-2.119319	-1.331216	-2.358037	1.190684
elbow	150	-2.000000	-1.120557	1.245298	-1.867658	-1.283446	-2.129834	1.143228
elbow	150	-1.750000	-1.048020	1.236225	-1.611165	-1.236942	-1.887525	1.083072
elbow	150	-1.500000	-1.010470	1.224664	-1.351080	-1.212224	-1.622353	1.013520
elbow	150	-1.250000	-0.952889	1.237009	-1.079341	-1.162583	-1.362145	0.927339
elbow	150	-1.000000	-0.902428	1.253261	-0.786068	-1.097523	-1.102761	0.810388
elbow	150	-0.750000	-0.843613	1.262884	-0.491046	-1.014934	-0.882499	0.665280
elbow	150	-0.500000	-0.782761	1.293028	-0.188375	-0.902896	-0.790198	0.521256
elbow	150	-0.250000	-0.724016	1.316280	0.120899	-0.759603	-0.704325	0.367779
elbow	150	0.000000	-0.671638	1.328362	0.423625	-0.554482	-0.759331	0.235594
elbow	150	0.250000	-0.638250	1.337268	0.617339	-0.221650	-0.809999	0.102981
elbow	150	0.500000	-0.654639	1.325078	0.628670	0.166317	-0.997459	0.009355
elbow	150	0.750000	-0.686671	1.309016	0.509295	0.552902	-1.189963	-0.078575
elbow	150	1.000000	-0.724585	1.303784	0.280965	0.866842	-1.426654	-0.156378
elbow	150	1.250000	-0.767519	1.317359	-0.010611	1.116645	-1.691510	-0.202511
elbow	150	1.500000	-0.797611	1.298733	-0.323865	1.315285	-1.964083	-0.176611
elbow	150	1.750000	-0.829576	1.270735	-0.597695	1.500385	-2.235961	-0.130941
elbow	150	2.000000	-0.862191	1.241758	-0.868896	1.683715	-2.508002	-0.059021
elbow	150	2.250000	-0.879086	1.198512	-1.133183	1.843960	-2.736875	0.061778
elbow	150	2.500000	-0.893325	1.152783	-1.397524	1.999474	-2.945352	0.204037
elbow	150	2.750000	-0.899657	1.105051	-1.660404	2.142151	-3.132096	0.365741
elbow	150	3.000000	-0.903480	1.055037	-1.922437	2.281985	-3.303077	0.545265
